0,1,sort_inner,sort_attribute,option_tag_attribute_value,textCount,name_url
100.0,0.0,0,0,2,0,/Users/mdjavedulferdous/Documents/Dataset/Testing/Bewakoof.html
100.0,0.0,0,0,39,0,/Users/mdjavedulferdous/Documents/Dataset/Testing/Bewakoof.html
0.0,100.0,1,0,4,3,/Users/mdjavedulferdous/Documents/Dataset/Testing/Bewakoof.html
0.0,100.0,1,0,4,3,/Users/mdjavedulferdous/Documents/Dataset/Testing/Bewakoof.html
100.0,0.0,0,0,4,0,/Users/mdjavedulferdous/Documents/Dataset/Testing/Bewakoof.html
100.0,0.0,0,0,5,0,/Users/mdjavedulferdous/Documents/Dataset/Testing/Bewakoof.html
100.0,0.0,0,0,2,0,/Users/mdjavedulferdous/Documents/Dataset/Testing/Bewakoof.html
100.0,0.0,0,0,1,0,/Users/mdjavedulferdous/Documents/Dataset/Testing/Bewakoof.html
80.0,20.0,1,0,30,2,/Users/mdjavedulferdous/Documents/Dataset/Testing/Bewakoof.html
80.0,20.0,1,0,22,2,/Users/mdjavedulferdous/Documents/Dataset/Testing/Bewakoof.html
100.0,0.0,0,0,8,0,/Users/mdjavedulferdous/Documents/Dataset/Testing/Bewakoof.html
40.0,60.0,0,0,0,0,/Users/mdjavedulferdous/Documents/Dataset/Testing/Bewakoof.html
100.0,0.0,0,0,2,0,/Users/mdjavedulferdous/Documents/Dataset/Testing/Bewakoof.html
40.0,60.0,0,0,0,0,/Users/mdjavedulferdous/Documents/Dataset/Testing/Bewakoof.html
