0,1,sort_inner,sort_attribute,option_tag_attribute_value,textCount,name_url
80.0,20.0,0,0,13,0,/Users/mdjavedulferdous/Documents/Dataset/Testing/Croma.html
40.0,60.0,0,0,417,0,/Users/mdjavedulferdous/Documents/Dataset/Testing/Croma.html
40.0,60.0,0,0,412,0,/Users/mdjavedulferdous/Documents/Dataset/Testing/Croma.html
60.0,40.0,0,0,17,0,/Users/mdjavedulferdous/Documents/Dataset/Testing/Croma.html
100.0,0.0,0,0,3,0,/Users/mdjavedulferdous/Documents/Dataset/Testing/Croma.html
100.0,0.0,0,0,5,0,/Users/mdjavedulferdous/Documents/Dataset/Testing/Croma.html
100.0,0.0,0,0,2,0,/Users/mdjavedulferdous/Documents/Dataset/Testing/Croma.html
100.0,0.0,0,0,2,0,/Users/mdjavedulferdous/Documents/Dataset/Testing/Croma.html
80.0,20.0,0,0,61,0,/Users/mdjavedulferdous/Documents/Dataset/Testing/Croma.html
100.0,0.0,0,0,2,0,/Users/mdjavedulferdous/Documents/Dataset/Testing/Croma.html
100.0,0.0,0,0,2,0,/Users/mdjavedulferdous/Documents/Dataset/Testing/Croma.html
100.0,0.0,0,0,2,0,/Users/mdjavedulferdous/Documents/Dataset/Testing/Croma.html
100.0,0.0,0,0,2,0,/Users/mdjavedulferdous/Documents/Dataset/Testing/Croma.html
100.0,0.0,0,0,2,0,/Users/mdjavedulferdous/Documents/Dataset/Testing/Croma.html
100.0,0.0,0,0,2,0,/Users/mdjavedulferdous/Documents/Dataset/Testing/Croma.html
100.0,0.0,0,0,2,0,/Users/mdjavedulferdous/Documents/Dataset/Testing/Croma.html
100.0,0.0,0,0,2,0,/Users/mdjavedulferdous/Documents/Dataset/Testing/Croma.html
100.0,0.0,0,0,2,0,/Users/mdjavedulferdous/Documents/Dataset/Testing/Croma.html
100.0,0.0,0,0,2,0,/Users/mdjavedulferdous/Documents/Dataset/Testing/Croma.html
100.0,0.0,0,0,2,0,/Users/mdjavedulferdous/Documents/Dataset/Testing/Croma.html
100.0,0.0,0,0,4,0,/Users/mdjavedulferdous/Documents/Dataset/Testing/Croma.html
100.0,0.0,0,0,2,0,/Users/mdjavedulferdous/Documents/Dataset/Testing/Croma.html
100.0,0.0,0,0,2,0,/Users/mdjavedulferdous/Documents/Dataset/Testing/Croma.html
100.0,0.0,0,0,2,0,/Users/mdjavedulferdous/Documents/Dataset/Testing/Croma.html
100.0,0.0,0,0,2,0,/Users/mdjavedulferdous/Documents/Dataset/Testing/Croma.html
100.0,0.0,0,0,3,0,/Users/mdjavedulferdous/Documents/Dataset/Testing/Croma.html
100.0,0.0,0,0,1,0,/Users/mdjavedulferdous/Documents/Dataset/Testing/Croma.html
100.0,0.0,0,0,1,0,/Users/mdjavedulferdous/Documents/Dataset/Testing/Croma.html
100.0,0.0,0,0,1,0,/Users/mdjavedulferdous/Documents/Dataset/Testing/Croma.html
80.0,20.0,0,0,28,0,/Users/mdjavedulferdous/Documents/Dataset/Testing/Croma.html
100.0,0.0,0,0,2,0,/Users/mdjavedulferdous/Documents/Dataset/Testing/Croma.html
100.0,0.0,0,0,2,0,/Users/mdjavedulferdous/Documents/Dataset/Testing/Croma.html
100.0,0.0,0,0,3,0,/Users/mdjavedulferdous/Documents/Dataset/Testing/Croma.html
100.0,0.0,0,0,6,0,/Users/mdjavedulferdous/Documents/Dataset/Testing/Croma.html
100.0,0.0,0,0,2,0,/Users/mdjavedulferdous/Documents/Dataset/Testing/Croma.html
100.0,0.0,0,0,2,0,/Users/mdjavedulferdous/Documents/Dataset/Testing/Croma.html
100.0,0.0,0,0,1,0,/Users/mdjavedulferdous/Documents/Dataset/Testing/Croma.html
100.0,0.0,0,0,1,0,/Users/mdjavedulferdous/Documents/Dataset/Testing/Croma.html
100.0,0.0,0,0,39,0,/Users/mdjavedulferdous/Documents/Dataset/Testing/Croma.html
100.0,0.0,0,0,2,0,/Users/mdjavedulferdous/Documents/Dataset/Testing/Croma.html
100.0,0.0,0,0,2,0,/Users/mdjavedulferdous/Documents/Dataset/Testing/Croma.html
100.0,0.0,0,0,2,0,/Users/mdjavedulferdous/Documents/Dataset/Testing/Croma.html
100.0,0.0,0,0,2,0,/Users/mdjavedulferdous/Documents/Dataset/Testing/Croma.html
100.0,0.0,0,0,2,0,/Users/mdjavedulferdous/Documents/Dataset/Testing/Croma.html
100.0,0.0,0,0,2,0,/Users/mdjavedulferdous/Documents/Dataset/Testing/Croma.html
100.0,0.0,0,0,2,0,/Users/mdjavedulferdous/Documents/Dataset/Testing/Croma.html
100.0,0.0,0,0,2,0,/Users/mdjavedulferdous/Documents/Dataset/Testing/Croma.html
100.0,0.0,0,0,2,0,/Users/mdjavedulferdous/Documents/Dataset/Testing/Croma.html
100.0,0.0,0,0,2,0,/Users/mdjavedulferdous/Documents/Dataset/Testing/Croma.html
100.0,0.0,0,0,4,0,/Users/mdjavedulferdous/Documents/Dataset/Testing/Croma.html
100.0,0.0,0,0,2,0,/Users/mdjavedulferdous/Documents/Dataset/Testing/Croma.html
80.0,20.0,0,0,57,0,/Users/mdjavedulferdous/Documents/Dataset/Testing/Croma.html
100.0,0.0,0,0,2,0,/Users/mdjavedulferdous/Documents/Dataset/Testing/Croma.html
100.0,0.0,0,0,2,0,/Users/mdjavedulferdous/Documents/Dataset/Testing/Croma.html
100.0,0.0,0,0,2,0,/Users/mdjavedulferdous/Documents/Dataset/Testing/Croma.html
100.0,0.0,0,0,3,0,/Users/mdjavedulferdous/Documents/Dataset/Testing/Croma.html
100.0,0.0,0,0,2,0,/Users/mdjavedulferdous/Documents/Dataset/Testing/Croma.html
100.0,0.0,0,0,1,0,/Users/mdjavedulferdous/Documents/Dataset/Testing/Croma.html
100.0,0.0,0,0,2,0,/Users/mdjavedulferdous/Documents/Dataset/Testing/Croma.html
100.0,0.0,0,0,2,0,/Users/mdjavedulferdous/Documents/Dataset/Testing/Croma.html
100.0,0.0,0,0,2,0,/Users/mdjavedulferdous/Documents/Dataset/Testing/Croma.html
100.0,0.0,0,0,2,0,/Users/mdjavedulferdous/Documents/Dataset/Testing/Croma.html
100.0,0.0,0,0,2,0,/Users/mdjavedulferdous/Documents/Dataset/Testing/Croma.html
100.0,0.0,0,0,2,0,/Users/mdjavedulferdous/Documents/Dataset/Testing/Croma.html
100.0,0.0,0,0,2,0,/Users/mdjavedulferdous/Documents/Dataset/Testing/Croma.html
100.0,0.0,0,0,4,0,/Users/mdjavedulferdous/Documents/Dataset/Testing/Croma.html
100.0,0.0,0,0,2,0,/Users/mdjavedulferdous/Documents/Dataset/Testing/Croma.html
100.0,0.0,0,0,1,0,/Users/mdjavedulferdous/Documents/Dataset/Testing/Croma.html
100.0,0.0,0,0,1,0,/Users/mdjavedulferdous/Documents/Dataset/Testing/Croma.html
100.0,0.0,0,0,1,0,/Users/mdjavedulferdous/Documents/Dataset/Testing/Croma.html
100.0,0.0,0,0,2,0,/Users/mdjavedulferdous/Documents/Dataset/Testing/Croma.html
80.0,20.0,0,0,30,0,/Users/mdjavedulferdous/Documents/Dataset/Testing/Croma.html
100.0,0.0,0,0,3,0,/Users/mdjavedulferdous/Documents/Dataset/Testing/Croma.html
100.0,0.0,0,0,4,0,/Users/mdjavedulferdous/Documents/Dataset/Testing/Croma.html
100.0,0.0,0,0,2,0,/Users/mdjavedulferdous/Documents/Dataset/Testing/Croma.html
100.0,0.0,0,0,2,0,/Users/mdjavedulferdous/Documents/Dataset/Testing/Croma.html
100.0,0.0,0,0,2,0,/Users/mdjavedulferdous/Documents/Dataset/Testing/Croma.html
100.0,0.0,0,0,2,0,/Users/mdjavedulferdous/Documents/Dataset/Testing/Croma.html
100.0,0.0,0,0,4,0,/Users/mdjavedulferdous/Documents/Dataset/Testing/Croma.html
100.0,0.0,0,0,2,0,/Users/mdjavedulferdous/Documents/Dataset/Testing/Croma.html
80.0,20.0,0,0,13,0,/Users/mdjavedulferdous/Documents/Dataset/Testing/Croma.html
100.0,0.0,0,0,2,0,/Users/mdjavedulferdous/Documents/Dataset/Testing/Croma.html
100.0,0.0,0,0,2,0,/Users/mdjavedulferdous/Documents/Dataset/Testing/Croma.html
100.0,0.0,0,0,1,0,/Users/mdjavedulferdous/Documents/Dataset/Testing/Croma.html
100.0,0.0,0,0,3,0,/Users/mdjavedulferdous/Documents/Dataset/Testing/Croma.html
80.0,20.0,0,0,10,0,/Users/mdjavedulferdous/Documents/Dataset/Testing/Croma.html
100.0,0.0,0,0,2,0,/Users/mdjavedulferdous/Documents/Dataset/Testing/Croma.html
100.0,0.0,0,0,3,0,/Users/mdjavedulferdous/Documents/Dataset/Testing/Croma.html
100.0,0.0,0,0,1,0,/Users/mdjavedulferdous/Documents/Dataset/Testing/Croma.html
80.0,20.0,0,0,32,0,/Users/mdjavedulferdous/Documents/Dataset/Testing/Croma.html
100.0,0.0,0,0,2,0,/Users/mdjavedulferdous/Documents/Dataset/Testing/Croma.html
100.0,0.0,0,0,1,0,/Users/mdjavedulferdous/Documents/Dataset/Testing/Croma.html
100.0,0.0,0,0,2,0,/Users/mdjavedulferdous/Documents/Dataset/Testing/Croma.html
100.0,0.0,0,0,1,0,/Users/mdjavedulferdous/Documents/Dataset/Testing/Croma.html
100.0,0.0,0,0,2,0,/Users/mdjavedulferdous/Documents/Dataset/Testing/Croma.html
100.0,0.0,0,0,2,0,/Users/mdjavedulferdous/Documents/Dataset/Testing/Croma.html
100.0,0.0,0,0,2,0,/Users/mdjavedulferdous/Documents/Dataset/Testing/Croma.html
100.0,0.0,0,0,1,0,/Users/mdjavedulferdous/Documents/Dataset/Testing/Croma.html
100.0,0.0,0,0,6,0,/Users/mdjavedulferdous/Documents/Dataset/Testing/Croma.html
100.0,0.0,0,0,2,0,/Users/mdjavedulferdous/Documents/Dataset/Testing/Croma.html
100.0,0.0,0,0,8,0,/Users/mdjavedulferdous/Documents/Dataset/Testing/Croma.html
100.0,0.0,0,0,1,0,/Users/mdjavedulferdous/Documents/Dataset/Testing/Croma.html
100.0,0.0,0,0,2,0,/Users/mdjavedulferdous/Documents/Dataset/Testing/Croma.html
100.0,0.0,0,0,1,0,/Users/mdjavedulferdous/Documents/Dataset/Testing/Croma.html
60.0,40.0,0,0,18,0,/Users/mdjavedulferdous/Documents/Dataset/Testing/Croma.html
100.0,0.0,0,0,2,0,/Users/mdjavedulferdous/Documents/Dataset/Testing/Croma.html
100.0,0.0,0,0,2,0,/Users/mdjavedulferdous/Documents/Dataset/Testing/Croma.html
100.0,0.0,0,0,2,0,/Users/mdjavedulferdous/Documents/Dataset/Testing/Croma.html
100.0,0.0,0,0,2,0,/Users/mdjavedulferdous/Documents/Dataset/Testing/Croma.html
100.0,0.0,0,0,2,0,/Users/mdjavedulferdous/Documents/Dataset/Testing/Croma.html
100.0,0.0,0,0,1,0,/Users/mdjavedulferdous/Documents/Dataset/Testing/Croma.html
60.0,40.0,0,0,83,0,/Users/mdjavedulferdous/Documents/Dataset/Testing/Croma.html
100.0,0.0,0,0,2,0,/Users/mdjavedulferdous/Documents/Dataset/Testing/Croma.html
100.0,0.0,0,0,2,0,/Users/mdjavedulferdous/Documents/Dataset/Testing/Croma.html
100.0,0.0,0,0,3,0,/Users/mdjavedulferdous/Documents/Dataset/Testing/Croma.html
100.0,0.0,0,0,2,0,/Users/mdjavedulferdous/Documents/Dataset/Testing/Croma.html
100.0,0.0,0,0,2,0,/Users/mdjavedulferdous/Documents/Dataset/Testing/Croma.html
100.0,0.0,0,0,2,0,/Users/mdjavedulferdous/Documents/Dataset/Testing/Croma.html
100.0,0.0,0,0,2,0,/Users/mdjavedulferdous/Documents/Dataset/Testing/Croma.html
100.0,0.0,0,0,4,0,/Users/mdjavedulferdous/Documents/Dataset/Testing/Croma.html
100.0,0.0,0,0,1,0,/Users/mdjavedulferdous/Documents/Dataset/Testing/Croma.html
100.0,0.0,0,0,5,0,/Users/mdjavedulferdous/Documents/Dataset/Testing/Croma.html
100.0,0.0,0,0,3,0,/Users/mdjavedulferdous/Documents/Dataset/Testing/Croma.html
100.0,0.0,0,0,3,0,/Users/mdjavedulferdous/Documents/Dataset/Testing/Croma.html
100.0,0.0,0,0,3,0,/Users/mdjavedulferdous/Documents/Dataset/Testing/Croma.html
100.0,0.0,0,0,5,0,/Users/mdjavedulferdous/Documents/Dataset/Testing/Croma.html
100.0,0.0,0,0,2,0,/Users/mdjavedulferdous/Documents/Dataset/Testing/Croma.html
100.0,0.0,0,0,2,0,/Users/mdjavedulferdous/Documents/Dataset/Testing/Croma.html
100.0,0.0,0,0,2,0,/Users/mdjavedulferdous/Documents/Dataset/Testing/Croma.html
100.0,0.0,0,0,2,0,/Users/mdjavedulferdous/Documents/Dataset/Testing/Croma.html
100.0,0.0,0,0,1,0,/Users/mdjavedulferdous/Documents/Dataset/Testing/Croma.html
100.0,0.0,0,0,1,0,/Users/mdjavedulferdous/Documents/Dataset/Testing/Croma.html
100.0,0.0,0,0,2,0,/Users/mdjavedulferdous/Documents/Dataset/Testing/Croma.html
100.0,0.0,0,0,1,0,/Users/mdjavedulferdous/Documents/Dataset/Testing/Croma.html
100.0,0.0,0,0,1,0,/Users/mdjavedulferdous/Documents/Dataset/Testing/Croma.html
100.0,0.0,0,0,1,0,/Users/mdjavedulferdous/Documents/Dataset/Testing/Croma.html
100.0,0.0,0,0,1,0,/Users/mdjavedulferdous/Documents/Dataset/Testing/Croma.html
100.0,0.0,0,0,1,0,/Users/mdjavedulferdous/Documents/Dataset/Testing/Croma.html
100.0,0.0,0,0,3,0,/Users/mdjavedulferdous/Documents/Dataset/Testing/Croma.html
100.0,0.0,0,0,1,0,/Users/mdjavedulferdous/Documents/Dataset/Testing/Croma.html
100.0,0.0,0,0,5,0,/Users/mdjavedulferdous/Documents/Dataset/Testing/Croma.html
20.0,80.0,1,0,3,1,/Users/mdjavedulferdous/Documents/Dataset/Testing/Croma.html
0.0,100.0,1,0,6,4,/Users/mdjavedulferdous/Documents/Dataset/Testing/Croma.html
100.0,0.0,0,0,2,0,/Users/mdjavedulferdous/Documents/Dataset/Testing/Croma.html
40.0,60.0,0,0,0,0,/Users/mdjavedulferdous/Documents/Dataset/Testing/Croma.html
40.0,60.0,0,0,0,0,/Users/mdjavedulferdous/Documents/Dataset/Testing/Croma.html
40.0,60.0,0,0,0,0,/Users/mdjavedulferdous/Documents/Dataset/Testing/Croma.html
40.0,60.0,0,0,0,0,/Users/mdjavedulferdous/Documents/Dataset/Testing/Croma.html
40.0,60.0,0,0,0,0,/Users/mdjavedulferdous/Documents/Dataset/Testing/Croma.html
40.0,60.0,0,0,0,0,/Users/mdjavedulferdous/Documents/Dataset/Testing/Croma.html
40.0,60.0,0,0,0,0,/Users/mdjavedulferdous/Documents/Dataset/Testing/Croma.html
40.0,60.0,0,0,0,0,/Users/mdjavedulferdous/Documents/Dataset/Testing/Croma.html
40.0,60.0,0,0,0,0,/Users/mdjavedulferdous/Documents/Dataset/Testing/Croma.html
40.0,60.0,0,0,0,0,/Users/mdjavedulferdous/Documents/Dataset/Testing/Croma.html
40.0,60.0,0,0,0,0,/Users/mdjavedulferdous/Documents/Dataset/Testing/Croma.html
40.0,60.0,0,0,0,0,/Users/mdjavedulferdous/Documents/Dataset/Testing/Croma.html
40.0,60.0,0,0,0,0,/Users/mdjavedulferdous/Documents/Dataset/Testing/Croma.html
40.0,60.0,0,0,0,0,/Users/mdjavedulferdous/Documents/Dataset/Testing/Croma.html
40.0,60.0,0,0,0,0,/Users/mdjavedulferdous/Documents/Dataset/Testing/Croma.html
40.0,60.0,0,0,0,0,/Users/mdjavedulferdous/Documents/Dataset/Testing/Croma.html
40.0,60.0,0,0,0,0,/Users/mdjavedulferdous/Documents/Dataset/Testing/Croma.html
40.0,60.0,0,0,0,0,/Users/mdjavedulferdous/Documents/Dataset/Testing/Croma.html
100.0,0.0,0,0,38,0,/Users/mdjavedulferdous/Documents/Dataset/Testing/Croma.html
100.0,0.0,0,0,5,0,/Users/mdjavedulferdous/Documents/Dataset/Testing/Croma.html
100.0,0.0,0,0,5,0,/Users/mdjavedulferdous/Documents/Dataset/Testing/Croma.html
100.0,0.0,0,0,3,0,/Users/mdjavedulferdous/Documents/Dataset/Testing/Croma.html
100.0,0.0,0,0,1,0,/Users/mdjavedulferdous/Documents/Dataset/Testing/Croma.html
100.0,0.0,0,0,4,0,/Users/mdjavedulferdous/Documents/Dataset/Testing/Croma.html
100.0,0.0,0,0,4,0,/Users/mdjavedulferdous/Documents/Dataset/Testing/Croma.html
100.0,0.0,0,0,2,0,/Users/mdjavedulferdous/Documents/Dataset/Testing/Croma.html
100.0,0.0,0,0,2,0,/Users/mdjavedulferdous/Documents/Dataset/Testing/Croma.html
100.0,0.0,0,0,5,0,/Users/mdjavedulferdous/Documents/Dataset/Testing/Croma.html
100.0,0.0,0,0,5,0,/Users/mdjavedulferdous/Documents/Dataset/Testing/Croma.html
100.0,0.0,0,0,3,0,/Users/mdjavedulferdous/Documents/Dataset/Testing/Croma.html
100.0,0.0,0,0,2,0,/Users/mdjavedulferdous/Documents/Dataset/Testing/Croma.html
100.0,0.0,0,0,2,0,/Users/mdjavedulferdous/Documents/Dataset/Testing/Croma.html
100.0,0.0,0,0,5,0,/Users/mdjavedulferdous/Documents/Dataset/Testing/Croma.html
100.0,0.0,0,0,5,0,/Users/mdjavedulferdous/Documents/Dataset/Testing/Croma.html
100.0,0.0,0,0,4,0,/Users/mdjavedulferdous/Documents/Dataset/Testing/Croma.html
100.0,0.0,0,0,2,0,/Users/mdjavedulferdous/Documents/Dataset/Testing/Croma.html
100.0,0.0,0,0,5,0,/Users/mdjavedulferdous/Documents/Dataset/Testing/Croma.html
100.0,0.0,0,0,11,0,/Users/mdjavedulferdous/Documents/Dataset/Testing/Croma.html
80.0,20.0,0,0,36,0,/Users/mdjavedulferdous/Documents/Dataset/Testing/Croma.html
100.0,0.0,0,0,5,0,/Users/mdjavedulferdous/Documents/Dataset/Testing/Croma.html
100.0,0.0,0,0,15,0,/Users/mdjavedulferdous/Documents/Dataset/Testing/Croma.html
80.0,20.0,0,0,13,0,/Users/mdjavedulferdous/Documents/Dataset/Testing/Croma.html
40.0,60.0,0,0,0,0,/Users/mdjavedulferdous/Documents/Dataset/Testing/Croma.html
