0,1,sort_inner,sort_attribute,option_tag_attribute_value,textCount,name_url
100.0,0.0,0,0,1,0,/Users/mdjavedulferdous/Documents/Dataset/Testing/FARFETCH.html
100.0,0.0,0,0,1,0,/Users/mdjavedulferdous/Documents/Dataset/Testing/FARFETCH.html
40.0,60.0,1,0,362,17,/Users/mdjavedulferdous/Documents/Dataset/Testing/FARFETCH.html
80.0,20.0,1,0,25,1,/Users/mdjavedulferdous/Documents/Dataset/Testing/FARFETCH.html
100.0,0.0,0,0,11,0,/Users/mdjavedulferdous/Documents/Dataset/Testing/FARFETCH.html
100.0,0.0,0,0,5,0,/Users/mdjavedulferdous/Documents/Dataset/Testing/FARFETCH.html
20.0,80.0,1,0,4,1,/Users/mdjavedulferdous/Documents/Dataset/Testing/FARFETCH.html
40.0,60.0,0,0,0,0,/Users/mdjavedulferdous/Documents/Dataset/Testing/FARFETCH.html
80.0,20.0,1,0,28,5,/Users/mdjavedulferdous/Documents/Dataset/Testing/FARFETCH.html
0.0,100.0,1,0,6,5,/Users/mdjavedulferdous/Documents/Dataset/Testing/FARFETCH.html
100.0,0.0,0,0,5,0,/Users/mdjavedulferdous/Documents/Dataset/Testing/FARFETCH.html
100.0,0.0,0,0,4,0,/Users/mdjavedulferdous/Documents/Dataset/Testing/FARFETCH.html
100.0,0.0,0,0,8,0,/Users/mdjavedulferdous/Documents/Dataset/Testing/FARFETCH.html
80.0,20.0,1,0,24,1,/Users/mdjavedulferdous/Documents/Dataset/Testing/FARFETCH.html
0.0,100.0,1,0,5,1,/Users/mdjavedulferdous/Documents/Dataset/Testing/FARFETCH.html
100.0,0.0,0,0,9,0,/Users/mdjavedulferdous/Documents/Dataset/Testing/FARFETCH.html
100.0,0.0,0,0,5,0,/Users/mdjavedulferdous/Documents/Dataset/Testing/FARFETCH.html
40.0,60.0,0,0,0,0,/Users/mdjavedulferdous/Documents/Dataset/Testing/FARFETCH.html
100.0,0.0,1,0,46,1,/Users/mdjavedulferdous/Documents/Dataset/Testing/FARFETCH.html
80.0,20.0,1,0,12,1,/Users/mdjavedulferdous/Documents/Dataset/Testing/FARFETCH.html
80.0,20.0,0,0,30,0,/Users/mdjavedulferdous/Documents/Dataset/Testing/FARFETCH.html
80.0,20.0,0,0,27,0,/Users/mdjavedulferdous/Documents/Dataset/Testing/FARFETCH.html
100.0,0.0,1,0,42,1,/Users/mdjavedulferdous/Documents/Dataset/Testing/FARFETCH.html
60.0,40.0,1,0,17,1,/Users/mdjavedulferdous/Documents/Dataset/Testing/FARFETCH.html
100.0,0.0,0,0,11,0,/Users/mdjavedulferdous/Documents/Dataset/Testing/FARFETCH.html
100.0,0.0,0,0,5,0,/Users/mdjavedulferdous/Documents/Dataset/Testing/FARFETCH.html
100.0,0.0,0,0,4,0,/Users/mdjavedulferdous/Documents/Dataset/Testing/FARFETCH.html
80.0,20.0,1,0,35,2,/Users/mdjavedulferdous/Documents/Dataset/Testing/FARFETCH.html
60.0,40.0,1,0,15,1,/Users/mdjavedulferdous/Documents/Dataset/Testing/FARFETCH.html
80.0,20.0,1,0,12,1,/Users/mdjavedulferdous/Documents/Dataset/Testing/FARFETCH.html
100.0,0.0,0,0,4,0,/Users/mdjavedulferdous/Documents/Dataset/Testing/FARFETCH.html
100.0,0.0,1,0,42,2,/Users/mdjavedulferdous/Documents/Dataset/Testing/FARFETCH.html
80.0,20.0,1,0,12,1,/Users/mdjavedulferdous/Documents/Dataset/Testing/FARFETCH.html
80.0,20.0,1,0,12,1,/Users/mdjavedulferdous/Documents/Dataset/Testing/FARFETCH.html
80.0,20.0,0,0,13,0,/Users/mdjavedulferdous/Documents/Dataset/Testing/FARFETCH.html
80.0,20.0,1,0,36,1,/Users/mdjavedulferdous/Documents/Dataset/Testing/FARFETCH.html
80.0,20.0,0,0,14,0,/Users/mdjavedulferdous/Documents/Dataset/Testing/FARFETCH.html
80.0,20.0,1,0,13,1,/Users/mdjavedulferdous/Documents/Dataset/Testing/FARFETCH.html
100.0,0.0,0,0,5,0,/Users/mdjavedulferdous/Documents/Dataset/Testing/FARFETCH.html
100.0,0.0,0,0,37,0,/Users/mdjavedulferdous/Documents/Dataset/Testing/FARFETCH.html
80.0,20.0,0,0,14,0,/Users/mdjavedulferdous/Documents/Dataset/Testing/FARFETCH.html
80.0,20.0,0,0,10,0,/Users/mdjavedulferdous/Documents/Dataset/Testing/FARFETCH.html
100.0,0.0,0,0,9,0,/Users/mdjavedulferdous/Documents/Dataset/Testing/FARFETCH.html
80.0,20.0,1,0,36,2,/Users/mdjavedulferdous/Documents/Dataset/Testing/FARFETCH.html
40.0,60.0,1,0,6,1,/Users/mdjavedulferdous/Documents/Dataset/Testing/FARFETCH.html
100.0,0.0,0,0,8,0,/Users/mdjavedulferdous/Documents/Dataset/Testing/FARFETCH.html
80.0,20.0,1,0,12,1,/Users/mdjavedulferdous/Documents/Dataset/Testing/FARFETCH.html
100.0,0.0,0,0,5,0,/Users/mdjavedulferdous/Documents/Dataset/Testing/FARFETCH.html
100.0,0.0,0,0,1,0,/Users/mdjavedulferdous/Documents/Dataset/Testing/FARFETCH.html
0.0,100.0,1,1,5,3,/Users/mdjavedulferdous/Documents/Dataset/Testing/FARFETCH.html
40.0,60.0,1,0,94,1,/Users/mdjavedulferdous/Documents/Dataset/Testing/FARFETCH.html
80.0,20.0,0,0,59,0,/Users/mdjavedulferdous/Documents/Dataset/Testing/FARFETCH.html
80.0,20.0,0,0,14,0,/Users/mdjavedulferdous/Documents/Dataset/Testing/FARFETCH.html
100.0,0.0,0,0,9,0,/Users/mdjavedulferdous/Documents/Dataset/Testing/FARFETCH.html
100.0,0.0,0,0,11,0,/Users/mdjavedulferdous/Documents/Dataset/Testing/FARFETCH.html
40.0,60.0,0,0,0,0,/Users/mdjavedulferdous/Documents/Dataset/Testing/FARFETCH.html
40.0,60.0,0,0,0,0,/Users/mdjavedulferdous/Documents/Dataset/Testing/FARFETCH.html
40.0,60.0,0,0,0,0,/Users/mdjavedulferdous/Documents/Dataset/Testing/FARFETCH.html
40.0,60.0,0,0,0,0,/Users/mdjavedulferdous/Documents/Dataset/Testing/FARFETCH.html
40.0,60.0,0,0,0,0,/Users/mdjavedulferdous/Documents/Dataset/Testing/FARFETCH.html
40.0,60.0,0,0,0,0,/Users/mdjavedulferdous/Documents/Dataset/Testing/FARFETCH.html
40.0,60.0,0,0,0,0,/Users/mdjavedulferdous/Documents/Dataset/Testing/FARFETCH.html
40.0,60.0,0,0,0,0,/Users/mdjavedulferdous/Documents/Dataset/Testing/FARFETCH.html
40.0,60.0,0,0,0,0,/Users/mdjavedulferdous/Documents/Dataset/Testing/FARFETCH.html
100.0,0.0,0,0,1,0,/Users/mdjavedulferdous/Documents/Dataset/Testing/FARFETCH.html
40.0,60.0,0,0,0,0,/Users/mdjavedulferdous/Documents/Dataset/Testing/FARFETCH.html
100.0,0.0,0,0,6,0,/Users/mdjavedulferdous/Documents/Dataset/Testing/FARFETCH.html
100.0,0.0,0,0,9,0,/Users/mdjavedulferdous/Documents/Dataset/Testing/FARFETCH.html
40.0,60.0,0,0,0,0,/Users/mdjavedulferdous/Documents/Dataset/Testing/FARFETCH.html
100.0,0.0,0,0,2,0,/Users/mdjavedulferdous/Documents/Dataset/Testing/FARFETCH.html
100.0,0.0,0,0,6,0,/Users/mdjavedulferdous/Documents/Dataset/Testing/FARFETCH.html
100.0,0.0,0,0,6,0,/Users/mdjavedulferdous/Documents/Dataset/Testing/FARFETCH.html
100.0,0.0,0,0,15,0,/Users/mdjavedulferdous/Documents/Dataset/Testing/FARFETCH.html
100.0,0.0,0,0,5,0,/Users/mdjavedulferdous/Documents/Dataset/Testing/FARFETCH.html
100.0,0.0,0,0,1,0,/Users/mdjavedulferdous/Documents/Dataset/Testing/FARFETCH.html
100.0,0.0,0,0,1,0,/Users/mdjavedulferdous/Documents/Dataset/Testing/FARFETCH.html
20.0,80.0,1,0,0,21,/Users/mdjavedulferdous/Documents/Dataset/Testing/FARFETCH.html
40.0,60.0,0,0,0,0,/Users/mdjavedulferdous/Documents/Dataset/Testing/FARFETCH.html
100.0,0.0,0,0,5,0,/Users/mdjavedulferdous/Documents/Dataset/Testing/FARFETCH.html
100.0,0.0,0,0,4,0,/Users/mdjavedulferdous/Documents/Dataset/Testing/FARFETCH.html
80.0,20.0,0,0,10,0,/Users/mdjavedulferdous/Documents/Dataset/Testing/FARFETCH.html
100.0,0.0,0,0,15,0,/Users/mdjavedulferdous/Documents/Dataset/Testing/FARFETCH.html
40.0,60.0,0,0,0,0,/Users/mdjavedulferdous/Documents/Dataset/Testing/FARFETCH.html
