0,1,sort_inner,sort_attribute,option_tag_attribute_value,textCount,name_url
0.0,100.0,1,1,13,3,/Users/mdjavedulferdous/Documents/Dataset/Testing/Foreclosures.html
100.0,0.0,0,0,4,0,/Users/mdjavedulferdous/Documents/Dataset/Testing/Foreclosures.html
60.0,40.0,0,0,19,0,/Users/mdjavedulferdous/Documents/Dataset/Testing/Foreclosures.html
60.0,40.0,0,0,19,0,/Users/mdjavedulferdous/Documents/Dataset/Testing/Foreclosures.html
100.0,0.0,0,0,6,0,/Users/mdjavedulferdous/Documents/Dataset/Testing/Foreclosures.html
100.0,0.0,0,0,6,0,/Users/mdjavedulferdous/Documents/Dataset/Testing/Foreclosures.html
100.0,0.0,0,0,3,0,/Users/mdjavedulferdous/Documents/Dataset/Testing/Foreclosures.html
80.0,20.0,1,0,22,1,/Users/mdjavedulferdous/Documents/Dataset/Testing/Foreclosures.html
60.0,40.0,1,0,18,1,/Users/mdjavedulferdous/Documents/Dataset/Testing/Foreclosures.html
100.0,0.0,0,0,2,0,/Users/mdjavedulferdous/Documents/Dataset/Testing/Foreclosures.html
40.0,60.0,0,0,0,0,/Users/mdjavedulferdous/Documents/Dataset/Testing/Foreclosures.html
100.0,0.0,0,0,12,0,/Users/mdjavedulferdous/Documents/Dataset/Testing/Foreclosures.html
100.0,0.0,0,0,4,0,/Users/mdjavedulferdous/Documents/Dataset/Testing/Foreclosures.html
0.0,100.0,1,0,5,1,/Users/mdjavedulferdous/Documents/Dataset/Testing/Foreclosures.html
40.0,60.0,1,0,6,1,/Users/mdjavedulferdous/Documents/Dataset/Testing/Foreclosures.html
80.0,20.0,0,0,33,0,/Users/mdjavedulferdous/Documents/Dataset/Testing/Foreclosures.html
40.0,60.0,0,0,0,0,/Users/mdjavedulferdous/Documents/Dataset/Testing/Foreclosures.html
100.0,0.0,0,0,5,0,/Users/mdjavedulferdous/Documents/Dataset/Testing/Foreclosures.html
100.0,0.0,0,0,5,0,/Users/mdjavedulferdous/Documents/Dataset/Testing/Foreclosures.html
0.0,100.0,1,0,5,1,/Users/mdjavedulferdous/Documents/Dataset/Testing/Foreclosures.html
100.0,0.0,0,0,5,0,/Users/mdjavedulferdous/Documents/Dataset/Testing/Foreclosures.html
100.0,0.0,0,0,5,0,/Users/mdjavedulferdous/Documents/Dataset/Testing/Foreclosures.html
100.0,0.0,0,0,4,0,/Users/mdjavedulferdous/Documents/Dataset/Testing/Foreclosures.html
100.0,0.0,0,0,9,0,/Users/mdjavedulferdous/Documents/Dataset/Testing/Foreclosures.html
100.0,0.0,0,0,9,0,/Users/mdjavedulferdous/Documents/Dataset/Testing/Foreclosures.html
100.0,0.0,0,0,9,0,/Users/mdjavedulferdous/Documents/Dataset/Testing/Foreclosures.html
0.0,100.0,1,0,9,4,/Users/mdjavedulferdous/Documents/Dataset/Testing/Foreclosures.html
100.0,0.0,0,0,9,0,/Users/mdjavedulferdous/Documents/Dataset/Testing/Foreclosures.html
100.0,0.0,0,0,6,0,/Users/mdjavedulferdous/Documents/Dataset/Testing/Foreclosures.html
40.0,60.0,0,0,0,0,/Users/mdjavedulferdous/Documents/Dataset/Testing/Foreclosures.html
40.0,60.0,0,0,0,0,/Users/mdjavedulferdous/Documents/Dataset/Testing/Foreclosures.html
40.0,60.0,0,0,0,0,/Users/mdjavedulferdous/Documents/Dataset/Testing/Foreclosures.html
