0,1,sort_inner,sort_attribute,option_tag_attribute_value,textCount,name_url
60.0,40.0,1,0,10,1,/Users/mdjavedulferdous/Documents/Dataset/Testing/FSBO.html
40.0,60.0,1,0,105,1,/Users/mdjavedulferdous/Documents/Dataset/Testing/FSBO.html
40.0,60.0,1,0,106,1,/Users/mdjavedulferdous/Documents/Dataset/Testing/FSBO.html
80.0,20.0,0,0,10,0,/Users/mdjavedulferdous/Documents/Dataset/Testing/FSBO.html
60.0,40.0,0,0,18,0,/Users/mdjavedulferdous/Documents/Dataset/Testing/FSBO.html
100.0,0.0,0,0,4,0,/Users/mdjavedulferdous/Documents/Dataset/Testing/FSBO.html
0.0,100.0,1,1,4,4,/Users/mdjavedulferdous/Documents/Dataset/Testing/FSBO.html
100.0,0.0,0,0,4,0,/Users/mdjavedulferdous/Documents/Dataset/Testing/FSBO.html
0.0,100.0,1,0,4,4,/Users/mdjavedulferdous/Documents/Dataset/Testing/FSBO.html
100.0,0.0,0,0,4,0,/Users/mdjavedulferdous/Documents/Dataset/Testing/FSBO.html
100.0,0.0,0,0,3,0,/Users/mdjavedulferdous/Documents/Dataset/Testing/FSBO.html
100.0,0.0,0,0,3,0,/Users/mdjavedulferdous/Documents/Dataset/Testing/FSBO.html
40.0,60.0,0,0,0,0,/Users/mdjavedulferdous/Documents/Dataset/Testing/FSBO.html
