0,1,sort_inner,sort_attribute,option_tag_attribute_value,textCount,name_url
0.0,100.0,1,1,9,4,/Users/mdjavedulferdous/Documents/Dataset/Testing/HomeShopping.html
60.0,40.0,1,0,20,2,/Users/mdjavedulferdous/Documents/Dataset/Testing/HomeShopping.html
100.0,0.0,0,0,2,0,/Users/mdjavedulferdous/Documents/Dataset/Testing/HomeShopping.html
100.0,0.0,0,0,8,0,/Users/mdjavedulferdous/Documents/Dataset/Testing/HomeShopping.html
100.0,0.0,0,0,9,0,/Users/mdjavedulferdous/Documents/Dataset/Testing/HomeShopping.html
80.0,20.0,0,0,16,0,/Users/mdjavedulferdous/Documents/Dataset/Testing/HomeShopping.html
100.0,0.0,0,0,8,0,/Users/mdjavedulferdous/Documents/Dataset/Testing/HomeShopping.html
100.0,0.0,0,0,9,0,/Users/mdjavedulferdous/Documents/Dataset/Testing/HomeShopping.html
100.0,0.0,0,0,9,0,/Users/mdjavedulferdous/Documents/Dataset/Testing/HomeShopping.html
80.0,20.0,0,0,10,0,/Users/mdjavedulferdous/Documents/Dataset/Testing/HomeShopping.html
100.0,0.0,0,0,12,0,/Users/mdjavedulferdous/Documents/Dataset/Testing/HomeShopping.html
100.0,0.0,0,0,9,0,/Users/mdjavedulferdous/Documents/Dataset/Testing/HomeShopping.html
100.0,0.0,0,0,5,0,/Users/mdjavedulferdous/Documents/Dataset/Testing/HomeShopping.html
40.0,60.0,1,0,6,1,/Users/mdjavedulferdous/Documents/Dataset/Testing/HomeShopping.html
80.0,20.0,0,0,14,0,/Users/mdjavedulferdous/Documents/Dataset/Testing/HomeShopping.html
100.0,0.0,0,0,3,0,/Users/mdjavedulferdous/Documents/Dataset/Testing/HomeShopping.html
60.0,40.0,0,0,17,0,/Users/mdjavedulferdous/Documents/Dataset/Testing/HomeShopping.html
100.0,0.0,0,0,4,0,/Users/mdjavedulferdous/Documents/Dataset/Testing/HomeShopping.html
100.0,0.0,0,0,8,0,/Users/mdjavedulferdous/Documents/Dataset/Testing/HomeShopping.html
100.0,0.0,0,0,5,0,/Users/mdjavedulferdous/Documents/Dataset/Testing/HomeShopping.html
80.0,20.0,0,0,10,0,/Users/mdjavedulferdous/Documents/Dataset/Testing/HomeShopping.html
100.0,0.0,0,0,8,0,/Users/mdjavedulferdous/Documents/Dataset/Testing/HomeShopping.html
80.0,20.0,0,0,16,0,/Users/mdjavedulferdous/Documents/Dataset/Testing/HomeShopping.html
60.0,40.0,0,0,20,0,/Users/mdjavedulferdous/Documents/Dataset/Testing/HomeShopping.html
100.0,0.0,0,0,4,0,/Users/mdjavedulferdous/Documents/Dataset/Testing/HomeShopping.html
100.0,0.0,0,0,6,0,/Users/mdjavedulferdous/Documents/Dataset/Testing/HomeShopping.html
100.0,0.0,0,0,1,0,/Users/mdjavedulferdous/Documents/Dataset/Testing/HomeShopping.html
100.0,0.0,0,0,4,0,/Users/mdjavedulferdous/Documents/Dataset/Testing/HomeShopping.html
100.0,0.0,0,0,2,0,/Users/mdjavedulferdous/Documents/Dataset/Testing/HomeShopping.html
100.0,0.0,0,0,4,0,/Users/mdjavedulferdous/Documents/Dataset/Testing/HomeShopping.html
100.0,0.0,0,0,4,0,/Users/mdjavedulferdous/Documents/Dataset/Testing/HomeShopping.html
100.0,0.0,0,0,4,0,/Users/mdjavedulferdous/Documents/Dataset/Testing/HomeShopping.html
80.0,20.0,0,0,16,0,/Users/mdjavedulferdous/Documents/Dataset/Testing/HomeShopping.html
100.0,0.0,0,0,1,0,/Users/mdjavedulferdous/Documents/Dataset/Testing/HomeShopping.html
100.0,0.0,0,0,7,0,/Users/mdjavedulferdous/Documents/Dataset/Testing/HomeShopping.html
100.0,0.0,0,0,3,0,/Users/mdjavedulferdous/Documents/Dataset/Testing/HomeShopping.html
100.0,0.0,0,0,3,0,/Users/mdjavedulferdous/Documents/Dataset/Testing/HomeShopping.html
100.0,0.0,0,0,3,0,/Users/mdjavedulferdous/Documents/Dataset/Testing/HomeShopping.html
100.0,0.0,0,0,3,0,/Users/mdjavedulferdous/Documents/Dataset/Testing/HomeShopping.html
100.0,0.0,0,0,3,0,/Users/mdjavedulferdous/Documents/Dataset/Testing/HomeShopping.html
100.0,0.0,0,0,5,0,/Users/mdjavedulferdous/Documents/Dataset/Testing/HomeShopping.html
100.0,0.0,0,0,7,0,/Users/mdjavedulferdous/Documents/Dataset/Testing/HomeShopping.html
100.0,0.0,0,0,5,0,/Users/mdjavedulferdous/Documents/Dataset/Testing/HomeShopping.html
100.0,0.0,0,0,7,0,/Users/mdjavedulferdous/Documents/Dataset/Testing/HomeShopping.html
100.0,0.0,0,0,12,0,/Users/mdjavedulferdous/Documents/Dataset/Testing/HomeShopping.html
100.0,0.0,0,0,3,0,/Users/mdjavedulferdous/Documents/Dataset/Testing/HomeShopping.html
100.0,0.0,0,0,2,0,/Users/mdjavedulferdous/Documents/Dataset/Testing/HomeShopping.html
100.0,0.0,0,0,2,0,/Users/mdjavedulferdous/Documents/Dataset/Testing/HomeShopping.html
100.0,0.0,0,0,9,0,/Users/mdjavedulferdous/Documents/Dataset/Testing/HomeShopping.html
100.0,0.0,0,0,4,0,/Users/mdjavedulferdous/Documents/Dataset/Testing/HomeShopping.html
100.0,0.0,0,0,11,0,/Users/mdjavedulferdous/Documents/Dataset/Testing/HomeShopping.html
100.0,0.0,0,0,8,0,/Users/mdjavedulferdous/Documents/Dataset/Testing/HomeShopping.html
60.0,40.0,1,0,20,2,/Users/mdjavedulferdous/Documents/Dataset/Testing/HomeShopping.html
100.0,0.0,0,0,2,0,/Users/mdjavedulferdous/Documents/Dataset/Testing/HomeShopping.html
100.0,0.0,0,0,8,0,/Users/mdjavedulferdous/Documents/Dataset/Testing/HomeShopping.html
100.0,0.0,0,0,9,0,/Users/mdjavedulferdous/Documents/Dataset/Testing/HomeShopping.html
80.0,20.0,0,0,16,0,/Users/mdjavedulferdous/Documents/Dataset/Testing/HomeShopping.html
100.0,0.0,0,0,8,0,/Users/mdjavedulferdous/Documents/Dataset/Testing/HomeShopping.html
100.0,0.0,0,0,9,0,/Users/mdjavedulferdous/Documents/Dataset/Testing/HomeShopping.html
100.0,0.0,0,0,9,0,/Users/mdjavedulferdous/Documents/Dataset/Testing/HomeShopping.html
80.0,20.0,0,0,10,0,/Users/mdjavedulferdous/Documents/Dataset/Testing/HomeShopping.html
100.0,0.0,0,0,12,0,/Users/mdjavedulferdous/Documents/Dataset/Testing/HomeShopping.html
100.0,0.0,0,0,9,0,/Users/mdjavedulferdous/Documents/Dataset/Testing/HomeShopping.html
100.0,0.0,0,0,5,0,/Users/mdjavedulferdous/Documents/Dataset/Testing/HomeShopping.html
40.0,60.0,1,0,6,1,/Users/mdjavedulferdous/Documents/Dataset/Testing/HomeShopping.html
80.0,20.0,0,0,14,0,/Users/mdjavedulferdous/Documents/Dataset/Testing/HomeShopping.html
100.0,0.0,0,0,3,0,/Users/mdjavedulferdous/Documents/Dataset/Testing/HomeShopping.html
60.0,40.0,0,0,17,0,/Users/mdjavedulferdous/Documents/Dataset/Testing/HomeShopping.html
100.0,0.0,0,0,4,0,/Users/mdjavedulferdous/Documents/Dataset/Testing/HomeShopping.html
100.0,0.0,0,0,8,0,/Users/mdjavedulferdous/Documents/Dataset/Testing/HomeShopping.html
100.0,0.0,0,0,5,0,/Users/mdjavedulferdous/Documents/Dataset/Testing/HomeShopping.html
80.0,20.0,0,0,10,0,/Users/mdjavedulferdous/Documents/Dataset/Testing/HomeShopping.html
100.0,0.0,0,0,8,0,/Users/mdjavedulferdous/Documents/Dataset/Testing/HomeShopping.html
80.0,20.0,0,0,16,0,/Users/mdjavedulferdous/Documents/Dataset/Testing/HomeShopping.html
60.0,40.0,0,0,20,0,/Users/mdjavedulferdous/Documents/Dataset/Testing/HomeShopping.html
100.0,0.0,0,0,4,0,/Users/mdjavedulferdous/Documents/Dataset/Testing/HomeShopping.html
100.0,0.0,0,0,6,0,/Users/mdjavedulferdous/Documents/Dataset/Testing/HomeShopping.html
100.0,0.0,0,0,1,0,/Users/mdjavedulferdous/Documents/Dataset/Testing/HomeShopping.html
100.0,0.0,0,0,4,0,/Users/mdjavedulferdous/Documents/Dataset/Testing/HomeShopping.html
100.0,0.0,0,0,2,0,/Users/mdjavedulferdous/Documents/Dataset/Testing/HomeShopping.html
100.0,0.0,0,0,4,0,/Users/mdjavedulferdous/Documents/Dataset/Testing/HomeShopping.html
100.0,0.0,0,0,4,0,/Users/mdjavedulferdous/Documents/Dataset/Testing/HomeShopping.html
100.0,0.0,0,0,4,0,/Users/mdjavedulferdous/Documents/Dataset/Testing/HomeShopping.html
80.0,20.0,0,0,16,0,/Users/mdjavedulferdous/Documents/Dataset/Testing/HomeShopping.html
100.0,0.0,0,0,1,0,/Users/mdjavedulferdous/Documents/Dataset/Testing/HomeShopping.html
100.0,0.0,0,0,7,0,/Users/mdjavedulferdous/Documents/Dataset/Testing/HomeShopping.html
100.0,0.0,0,0,3,0,/Users/mdjavedulferdous/Documents/Dataset/Testing/HomeShopping.html
100.0,0.0,0,0,3,0,/Users/mdjavedulferdous/Documents/Dataset/Testing/HomeShopping.html
100.0,0.0,0,0,3,0,/Users/mdjavedulferdous/Documents/Dataset/Testing/HomeShopping.html
100.0,0.0,0,0,3,0,/Users/mdjavedulferdous/Documents/Dataset/Testing/HomeShopping.html
100.0,0.0,0,0,3,0,/Users/mdjavedulferdous/Documents/Dataset/Testing/HomeShopping.html
100.0,0.0,0,0,5,0,/Users/mdjavedulferdous/Documents/Dataset/Testing/HomeShopping.html
100.0,0.0,0,0,7,0,/Users/mdjavedulferdous/Documents/Dataset/Testing/HomeShopping.html
100.0,0.0,0,0,5,0,/Users/mdjavedulferdous/Documents/Dataset/Testing/HomeShopping.html
100.0,0.0,0,0,7,0,/Users/mdjavedulferdous/Documents/Dataset/Testing/HomeShopping.html
100.0,0.0,0,0,12,0,/Users/mdjavedulferdous/Documents/Dataset/Testing/HomeShopping.html
100.0,0.0,0,0,3,0,/Users/mdjavedulferdous/Documents/Dataset/Testing/HomeShopping.html
100.0,0.0,0,0,2,0,/Users/mdjavedulferdous/Documents/Dataset/Testing/HomeShopping.html
100.0,0.0,0,0,2,0,/Users/mdjavedulferdous/Documents/Dataset/Testing/HomeShopping.html
100.0,0.0,0,0,9,0,/Users/mdjavedulferdous/Documents/Dataset/Testing/HomeShopping.html
100.0,0.0,0,0,4,0,/Users/mdjavedulferdous/Documents/Dataset/Testing/HomeShopping.html
100.0,0.0,0,0,8,0,/Users/mdjavedulferdous/Documents/Dataset/Testing/HomeShopping.html
80.0,20.0,0,0,70,0,/Users/mdjavedulferdous/Documents/Dataset/Testing/HomeShopping.html
100.0,0.0,0,0,4,0,/Users/mdjavedulferdous/Documents/Dataset/Testing/HomeShopping.html
100.0,0.0,0,0,5,0,/Users/mdjavedulferdous/Documents/Dataset/Testing/HomeShopping.html
100.0,0.0,0,0,5,0,/Users/mdjavedulferdous/Documents/Dataset/Testing/HomeShopping.html
40.0,60.0,0,0,0,0,/Users/mdjavedulferdous/Documents/Dataset/Testing/HomeShopping.html
100.0,0.0,0,0,8,0,/Users/mdjavedulferdous/Documents/Dataset/Testing/HomeShopping.html
100.0,0.0,0,0,7,0,/Users/mdjavedulferdous/Documents/Dataset/Testing/HomeShopping.html
100.0,0.0,0,0,7,0,/Users/mdjavedulferdous/Documents/Dataset/Testing/HomeShopping.html
100.0,0.0,0,0,7,0,/Users/mdjavedulferdous/Documents/Dataset/Testing/HomeShopping.html
100.0,0.0,0,0,7,0,/Users/mdjavedulferdous/Documents/Dataset/Testing/HomeShopping.html
100.0,0.0,0,0,7,0,/Users/mdjavedulferdous/Documents/Dataset/Testing/HomeShopping.html
100.0,0.0,0,0,8,0,/Users/mdjavedulferdous/Documents/Dataset/Testing/HomeShopping.html
100.0,0.0,0,0,2,0,/Users/mdjavedulferdous/Documents/Dataset/Testing/HomeShopping.html
80.0,20.0,0,0,10,0,/Users/mdjavedulferdous/Documents/Dataset/Testing/HomeShopping.html
40.0,60.0,0,0,0,0,/Users/mdjavedulferdous/Documents/Dataset/Testing/HomeShopping.html
