0,1,sort_inner,sort_attribute,option_tag_attribute_value,textCount,name_url
100.0,0.0,0,0,15,0,/Users/mdjavedulferdous/Documents/Dataset/Testing/Myntra.html
80.0,20.0,0,0,13,0,/Users/mdjavedulferdous/Documents/Dataset/Testing/Myntra.html
100.0,0.0,0,0,11,0,/Users/mdjavedulferdous/Documents/Dataset/Testing/Myntra.html
80.0,20.0,0,0,14,0,/Users/mdjavedulferdous/Documents/Dataset/Testing/Myntra.html
100.0,0.0,0,0,15,0,/Users/mdjavedulferdous/Documents/Dataset/Testing/Myntra.html
80.0,20.0,0,0,13,0,/Users/mdjavedulferdous/Documents/Dataset/Testing/Myntra.html
100.0,0.0,0,0,15,0,/Users/mdjavedulferdous/Documents/Dataset/Testing/Myntra.html
80.0,20.0,0,0,13,0,/Users/mdjavedulferdous/Documents/Dataset/Testing/Myntra.html
80.0,20.0,0,0,13,0,/Users/mdjavedulferdous/Documents/Dataset/Testing/Myntra.html
100.0,0.0,0,0,12,0,/Users/mdjavedulferdous/Documents/Dataset/Testing/Myntra.html
80.0,20.0,0,0,14,0,/Users/mdjavedulferdous/Documents/Dataset/Testing/Myntra.html
80.0,20.0,0,0,16,0,/Users/mdjavedulferdous/Documents/Dataset/Testing/Myntra.html
80.0,20.0,0,0,14,0,/Users/mdjavedulferdous/Documents/Dataset/Testing/Myntra.html
100.0,0.0,0,0,12,0,/Users/mdjavedulferdous/Documents/Dataset/Testing/Myntra.html
80.0,20.0,0,0,16,0,/Users/mdjavedulferdous/Documents/Dataset/Testing/Myntra.html
80.0,20.0,0,0,16,0,/Users/mdjavedulferdous/Documents/Dataset/Testing/Myntra.html
80.0,20.0,0,0,16,0,/Users/mdjavedulferdous/Documents/Dataset/Testing/Myntra.html
80.0,20.0,0,0,14,0,/Users/mdjavedulferdous/Documents/Dataset/Testing/Myntra.html
100.0,0.0,0,0,15,0,/Users/mdjavedulferdous/Documents/Dataset/Testing/Myntra.html
60.0,40.0,0,0,17,0,/Users/mdjavedulferdous/Documents/Dataset/Testing/Myntra.html
80.0,20.0,0,0,13,0,/Users/mdjavedulferdous/Documents/Dataset/Testing/Myntra.html
100.0,0.0,0,0,15,0,/Users/mdjavedulferdous/Documents/Dataset/Testing/Myntra.html
80.0,20.0,0,0,13,0,/Users/mdjavedulferdous/Documents/Dataset/Testing/Myntra.html
80.0,20.0,0,0,13,0,/Users/mdjavedulferdous/Documents/Dataset/Testing/Myntra.html
80.0,20.0,0,0,16,0,/Users/mdjavedulferdous/Documents/Dataset/Testing/Myntra.html
100.0,0.0,0,0,3,0,/Users/mdjavedulferdous/Documents/Dataset/Testing/Myntra.html
100.0,0.0,0,0,2,0,/Users/mdjavedulferdous/Documents/Dataset/Testing/Myntra.html
100.0,0.0,0,0,8,0,/Users/mdjavedulferdous/Documents/Dataset/Testing/Myntra.html
100.0,0.0,0,0,4,0,/Users/mdjavedulferdous/Documents/Dataset/Testing/Myntra.html
100.0,0.0,0,0,7,0,/Users/mdjavedulferdous/Documents/Dataset/Testing/Myntra.html
100.0,0.0,0,0,8,0,/Users/mdjavedulferdous/Documents/Dataset/Testing/Myntra.html
0.0,100.0,1,0,6,3,/Users/mdjavedulferdous/Documents/Dataset/Testing/Myntra.html
100.0,0.0,0,0,4,0,/Users/mdjavedulferdous/Documents/Dataset/Testing/Myntra.html
40.0,60.0,0,0,0,0,/Users/mdjavedulferdous/Documents/Dataset/Testing/Myntra.html
40.0,60.0,0,0,0,0,/Users/mdjavedulferdous/Documents/Dataset/Testing/Myntra.html
100.0,0.0,0,0,55,0,/Users/mdjavedulferdous/Documents/Dataset/Testing/Myntra.html
100.0,0.0,0,0,12,0,/Users/mdjavedulferdous/Documents/Dataset/Testing/Myntra.html
40.0,60.0,0,0,0,0,/Users/mdjavedulferdous/Documents/Dataset/Testing/Myntra.html
