0,1,sort_inner,sort_attribute,option_tag_attribute_value,textCount,name_url
0.0,100.0,1,0,4,3,/Users/mdjavedulferdous/Documents/Dataset/Testing/PrettyLittleThing.html
0.0,100.0,1,0,4,3,/Users/mdjavedulferdous/Documents/Dataset/Testing/PrettyLittleThing.html
100.0,0.0,0,0,3,0,/Users/mdjavedulferdous/Documents/Dataset/Testing/PrettyLittleThing.html
60.0,40.0,1,0,17,1,/Users/mdjavedulferdous/Documents/Dataset/Testing/PrettyLittleThing.html
100.0,0.0,0,0,15,0,/Users/mdjavedulferdous/Documents/Dataset/Testing/PrettyLittleThing.html
100.0,0.0,0,0,2,0,/Users/mdjavedulferdous/Documents/Dataset/Testing/PrettyLittleThing.html
100.0,0.0,0,0,2,0,/Users/mdjavedulferdous/Documents/Dataset/Testing/PrettyLittleThing.html
100.0,0.0,0,0,2,0,/Users/mdjavedulferdous/Documents/Dataset/Testing/PrettyLittleThing.html
40.0,60.0,1,0,738,26,/Users/mdjavedulferdous/Documents/Dataset/Testing/PrettyLittleThing.html
100.0,0.0,1,0,47,25,/Users/mdjavedulferdous/Documents/Dataset/Testing/PrettyLittleThing.html
0.0,100.0,1,0,6,3,/Users/mdjavedulferdous/Documents/Dataset/Testing/PrettyLittleThing.html
0.0,100.0,1,0,7,6,/Users/mdjavedulferdous/Documents/Dataset/Testing/PrettyLittleThing.html
0.0,100.0,1,0,7,6,/Users/mdjavedulferdous/Documents/Dataset/Testing/PrettyLittleThing.html
0.0,100.0,1,0,5,4,/Users/mdjavedulferdous/Documents/Dataset/Testing/PrettyLittleThing.html
0.0,100.0,1,0,7,6,/Users/mdjavedulferdous/Documents/Dataset/Testing/PrettyLittleThing.html
100.0,0.0,0,0,8,0,/Users/mdjavedulferdous/Documents/Dataset/Testing/PrettyLittleThing.html
80.0,20.0,0,0,34,0,/Users/mdjavedulferdous/Documents/Dataset/Testing/PrettyLittleThing.html
100.0,0.0,0,0,7,0,/Users/mdjavedulferdous/Documents/Dataset/Testing/PrettyLittleThing.html
100.0,0.0,0,0,7,0,/Users/mdjavedulferdous/Documents/Dataset/Testing/PrettyLittleThing.html
100.0,0.0,0,0,7,0,/Users/mdjavedulferdous/Documents/Dataset/Testing/PrettyLittleThing.html
100.0,0.0,0,0,8,0,/Users/mdjavedulferdous/Documents/Dataset/Testing/PrettyLittleThing.html
60.0,40.0,0,0,78,0,/Users/mdjavedulferdous/Documents/Dataset/Testing/PrettyLittleThing.html
80.0,20.0,0,0,10,0,/Users/mdjavedulferdous/Documents/Dataset/Testing/PrettyLittleThing.html
80.0,20.0,0,0,10,0,/Users/mdjavedulferdous/Documents/Dataset/Testing/PrettyLittleThing.html
80.0,20.0,0,0,10,0,/Users/mdjavedulferdous/Documents/Dataset/Testing/PrettyLittleThing.html
80.0,20.0,0,0,10,0,/Users/mdjavedulferdous/Documents/Dataset/Testing/PrettyLittleThing.html
80.0,20.0,0,0,10,0,/Users/mdjavedulferdous/Documents/Dataset/Testing/PrettyLittleThing.html
80.0,20.0,0,0,10,0,/Users/mdjavedulferdous/Documents/Dataset/Testing/PrettyLittleThing.html
80.0,20.0,0,0,10,0,/Users/mdjavedulferdous/Documents/Dataset/Testing/PrettyLittleThing.html
80.0,20.0,0,0,70,0,/Users/mdjavedulferdous/Documents/Dataset/Testing/PrettyLittleThing.html
80.0,20.0,0,0,10,0,/Users/mdjavedulferdous/Documents/Dataset/Testing/PrettyLittleThing.html
100.0,0.0,0,0,9,0,/Users/mdjavedulferdous/Documents/Dataset/Testing/PrettyLittleThing.html
80.0,20.0,0,0,10,0,/Users/mdjavedulferdous/Documents/Dataset/Testing/PrettyLittleThing.html
100.0,0.0,0,0,5,0,/Users/mdjavedulferdous/Documents/Dataset/Testing/PrettyLittleThing.html
100.0,0.0,0,0,11,0,/Users/mdjavedulferdous/Documents/Dataset/Testing/PrettyLittleThing.html
100.0,0.0,0,0,8,0,/Users/mdjavedulferdous/Documents/Dataset/Testing/PrettyLittleThing.html
100.0,0.0,0,0,9,0,/Users/mdjavedulferdous/Documents/Dataset/Testing/PrettyLittleThing.html
100.0,0.0,0,0,38,0,/Users/mdjavedulferdous/Documents/Dataset/Testing/PrettyLittleThing.html
80.0,20.0,0,0,10,0,/Users/mdjavedulferdous/Documents/Dataset/Testing/PrettyLittleThing.html
80.0,20.0,0,0,10,0,/Users/mdjavedulferdous/Documents/Dataset/Testing/PrettyLittleThing.html
100.0,0.0,0,0,9,0,/Users/mdjavedulferdous/Documents/Dataset/Testing/PrettyLittleThing.html
100.0,0.0,0,0,4,0,/Users/mdjavedulferdous/Documents/Dataset/Testing/PrettyLittleThing.html
100.0,0.0,0,0,51,0,/Users/mdjavedulferdous/Documents/Dataset/Testing/PrettyLittleThing.html
80.0,20.0,0,0,10,0,/Users/mdjavedulferdous/Documents/Dataset/Testing/PrettyLittleThing.html
100.0,0.0,0,0,2,0,/Users/mdjavedulferdous/Documents/Dataset/Testing/PrettyLittleThing.html
100.0,0.0,0,0,8,0,/Users/mdjavedulferdous/Documents/Dataset/Testing/PrettyLittleThing.html
100.0,0.0,0,0,8,0,/Users/mdjavedulferdous/Documents/Dataset/Testing/PrettyLittleThing.html
100.0,0.0,0,0,6,0,/Users/mdjavedulferdous/Documents/Dataset/Testing/PrettyLittleThing.html
80.0,20.0,0,0,10,0,/Users/mdjavedulferdous/Documents/Dataset/Testing/PrettyLittleThing.html
80.0,20.0,0,0,69,0,/Users/mdjavedulferdous/Documents/Dataset/Testing/PrettyLittleThing.html
80.0,20.0,0,0,10,0,/Users/mdjavedulferdous/Documents/Dataset/Testing/PrettyLittleThing.html
80.0,20.0,0,0,10,0,/Users/mdjavedulferdous/Documents/Dataset/Testing/PrettyLittleThing.html
100.0,0.0,0,0,8,0,/Users/mdjavedulferdous/Documents/Dataset/Testing/PrettyLittleThing.html
100.0,0.0,0,0,7,0,/Users/mdjavedulferdous/Documents/Dataset/Testing/PrettyLittleThing.html
80.0,20.0,0,0,10,0,/Users/mdjavedulferdous/Documents/Dataset/Testing/PrettyLittleThing.html
100.0,0.0,0,0,8,0,/Users/mdjavedulferdous/Documents/Dataset/Testing/PrettyLittleThing.html
100.0,0.0,0,0,8,0,/Users/mdjavedulferdous/Documents/Dataset/Testing/PrettyLittleThing.html
80.0,20.0,0,0,63,0,/Users/mdjavedulferdous/Documents/Dataset/Testing/PrettyLittleThing.html
80.0,20.0,0,0,10,0,/Users/mdjavedulferdous/Documents/Dataset/Testing/PrettyLittleThing.html
80.0,20.0,0,0,10,0,/Users/mdjavedulferdous/Documents/Dataset/Testing/PrettyLittleThing.html
100.0,0.0,0,0,4,0,/Users/mdjavedulferdous/Documents/Dataset/Testing/PrettyLittleThing.html
100.0,0.0,0,0,7,0,/Users/mdjavedulferdous/Documents/Dataset/Testing/PrettyLittleThing.html
80.0,20.0,0,0,10,0,/Users/mdjavedulferdous/Documents/Dataset/Testing/PrettyLittleThing.html
100.0,0.0,0,0,7,0,/Users/mdjavedulferdous/Documents/Dataset/Testing/PrettyLittleThing.html
100.0,0.0,0,0,7,0,/Users/mdjavedulferdous/Documents/Dataset/Testing/PrettyLittleThing.html
80.0,20.0,0,0,65,0,/Users/mdjavedulferdous/Documents/Dataset/Testing/PrettyLittleThing.html
100.0,0.0,0,0,7,0,/Users/mdjavedulferdous/Documents/Dataset/Testing/PrettyLittleThing.html
100.0,0.0,0,0,9,0,/Users/mdjavedulferdous/Documents/Dataset/Testing/PrettyLittleThing.html
80.0,20.0,0,0,10,0,/Users/mdjavedulferdous/Documents/Dataset/Testing/PrettyLittleThing.html
100.0,0.0,0,0,4,0,/Users/mdjavedulferdous/Documents/Dataset/Testing/PrettyLittleThing.html
80.0,20.0,0,0,10,0,/Users/mdjavedulferdous/Documents/Dataset/Testing/PrettyLittleThing.html
80.0,20.0,0,0,10,0,/Users/mdjavedulferdous/Documents/Dataset/Testing/PrettyLittleThing.html
100.0,0.0,0,0,7,0,/Users/mdjavedulferdous/Documents/Dataset/Testing/PrettyLittleThing.html
80.0,20.0,0,0,66,0,/Users/mdjavedulferdous/Documents/Dataset/Testing/PrettyLittleThing.html
100.0,0.0,0,0,11,0,/Users/mdjavedulferdous/Documents/Dataset/Testing/PrettyLittleThing.html
100.0,0.0,0,0,9,0,/Users/mdjavedulferdous/Documents/Dataset/Testing/PrettyLittleThing.html
100.0,0.0,0,0,9,0,/Users/mdjavedulferdous/Documents/Dataset/Testing/PrettyLittleThing.html
100.0,0.0,0,0,9,0,/Users/mdjavedulferdous/Documents/Dataset/Testing/PrettyLittleThing.html
100.0,0.0,0,0,6,0,/Users/mdjavedulferdous/Documents/Dataset/Testing/PrettyLittleThing.html
100.0,0.0,0,0,6,0,/Users/mdjavedulferdous/Documents/Dataset/Testing/PrettyLittleThing.html
100.0,0.0,0,0,8,0,/Users/mdjavedulferdous/Documents/Dataset/Testing/PrettyLittleThing.html
100.0,0.0,0,0,47,0,/Users/mdjavedulferdous/Documents/Dataset/Testing/PrettyLittleThing.html
100.0,0.0,0,0,7,0,/Users/mdjavedulferdous/Documents/Dataset/Testing/PrettyLittleThing.html
100.0,0.0,0,0,4,0,/Users/mdjavedulferdous/Documents/Dataset/Testing/PrettyLittleThing.html
100.0,0.0,0,0,4,0,/Users/mdjavedulferdous/Documents/Dataset/Testing/PrettyLittleThing.html
100.0,0.0,0,0,7,0,/Users/mdjavedulferdous/Documents/Dataset/Testing/PrettyLittleThing.html
100.0,0.0,0,0,5,0,/Users/mdjavedulferdous/Documents/Dataset/Testing/PrettyLittleThing.html
100.0,0.0,0,0,6,0,/Users/mdjavedulferdous/Documents/Dataset/Testing/PrettyLittleThing.html
100.0,0.0,0,0,6,0,/Users/mdjavedulferdous/Documents/Dataset/Testing/PrettyLittleThing.html
80.0,20.0,1,0,65,1,/Users/mdjavedulferdous/Documents/Dataset/Testing/PrettyLittleThing.html
60.0,40.0,1,0,10,1,/Users/mdjavedulferdous/Documents/Dataset/Testing/PrettyLittleThing.html
100.0,0.0,0,0,5,0,/Users/mdjavedulferdous/Documents/Dataset/Testing/PrettyLittleThing.html
80.0,20.0,0,0,10,0,/Users/mdjavedulferdous/Documents/Dataset/Testing/PrettyLittleThing.html
100.0,0.0,0,0,9,0,/Users/mdjavedulferdous/Documents/Dataset/Testing/PrettyLittleThing.html
100.0,0.0,0,0,9,0,/Users/mdjavedulferdous/Documents/Dataset/Testing/PrettyLittleThing.html
100.0,0.0,0,0,5,0,/Users/mdjavedulferdous/Documents/Dataset/Testing/PrettyLittleThing.html
100.0,0.0,0,0,9,0,/Users/mdjavedulferdous/Documents/Dataset/Testing/PrettyLittleThing.html
80.0,20.0,0,0,32,0,/Users/mdjavedulferdous/Documents/Dataset/Testing/PrettyLittleThing.html
100.0,0.0,0,0,6,0,/Users/mdjavedulferdous/Documents/Dataset/Testing/PrettyLittleThing.html
100.0,0.0,0,0,3,0,/Users/mdjavedulferdous/Documents/Dataset/Testing/PrettyLittleThing.html
100.0,0.0,0,0,7,0,/Users/mdjavedulferdous/Documents/Dataset/Testing/PrettyLittleThing.html
100.0,0.0,0,0,5,0,/Users/mdjavedulferdous/Documents/Dataset/Testing/PrettyLittleThing.html
100.0,0.0,0,0,5,0,/Users/mdjavedulferdous/Documents/Dataset/Testing/PrettyLittleThing.html
20.0,80.0,1,0,3,2,/Users/mdjavedulferdous/Documents/Dataset/Testing/PrettyLittleThing.html
100.0,0.0,0,0,6,0,/Users/mdjavedulferdous/Documents/Dataset/Testing/PrettyLittleThing.html
100.0,0.0,0,0,11,0,/Users/mdjavedulferdous/Documents/Dataset/Testing/PrettyLittleThing.html
100.0,0.0,0,0,11,0,/Users/mdjavedulferdous/Documents/Dataset/Testing/PrettyLittleThing.html
100.0,0.0,0,0,8,0,/Users/mdjavedulferdous/Documents/Dataset/Testing/PrettyLittleThing.html
100.0,0.0,0,0,8,0,/Users/mdjavedulferdous/Documents/Dataset/Testing/PrettyLittleThing.html
100.0,0.0,0,0,5,0,/Users/mdjavedulferdous/Documents/Dataset/Testing/PrettyLittleThing.html
40.0,60.0,0,0,0,0,/Users/mdjavedulferdous/Documents/Dataset/Testing/PrettyLittleThing.html
