0,1,sort_inner,sort_attribute,option_tag_attribute_value,textCount,name_url
100.0,0.0,0,0,4,0,/Users/mdjavedulferdous/Documents/Dataset/Testing/Redfin.html
20.0,80.0,1,0,3,1,/Users/mdjavedulferdous/Documents/Dataset/Testing/Redfin.html
100.0,0.0,0,0,4,0,/Users/mdjavedulferdous/Documents/Dataset/Testing/Redfin.html
100.0,0.0,0,0,1,0,/Users/mdjavedulferdous/Documents/Dataset/Testing/Redfin.html
100.0,0.0,0,0,6,0,/Users/mdjavedulferdous/Documents/Dataset/Testing/Redfin.html
100.0,0.0,0,0,12,0,/Users/mdjavedulferdous/Documents/Dataset/Testing/Redfin.html
80.0,20.0,1,0,13,1,/Users/mdjavedulferdous/Documents/Dataset/Testing/Redfin.html
100.0,0.0,0,0,2,0,/Users/mdjavedulferdous/Documents/Dataset/Testing/Redfin.html
100.0,0.0,0,0,5,0,/Users/mdjavedulferdous/Documents/Dataset/Testing/Redfin.html
100.0,0.0,0,0,5,0,/Users/mdjavedulferdous/Documents/Dataset/Testing/Redfin.html
60.0,40.0,1,0,18,2,/Users/mdjavedulferdous/Documents/Dataset/Testing/Redfin.html
100.0,0.0,0,0,4,0,/Users/mdjavedulferdous/Documents/Dataset/Testing/Redfin.html
80.0,20.0,0,0,13,0,/Users/mdjavedulferdous/Documents/Dataset/Testing/Redfin.html
100.0,0.0,0,0,8,0,/Users/mdjavedulferdous/Documents/Dataset/Testing/Redfin.html
100.0,0.0,0,0,4,0,/Users/mdjavedulferdous/Documents/Dataset/Testing/Redfin.html
40.0,60.0,0,0,0,0,/Users/mdjavedulferdous/Documents/Dataset/Testing/Redfin.html
